{
    "Baseline": {
        "IC": [
            135.44,
            114.9,
            43.5,
            71.19,
            120,
            187.0,
            333.182,
            102.55926602391791
        ],
        "OC": [
            133,
            102,
            34,
            46,
            156,
            171.5,
            333.182,
            127.6632334159681
        ],
        "BP": "both",
        "FREQ": 400.79
    }
}