{
    "3794": {
        "IC": [
            73.52,
            131.75,
            106.25,
            118.7,
            150,
            187,
            369.3306,
            107.09363492174714
        ],
        "OC": [
            73.52,
            131.75,
            106.25,
            118.7,
            150,
            187,
            369.3306,
            107.09363492174714
        ],
        "BP": "both",
        "FREQ": 400.79
    }
}