{
    "_0": {
        "IC": [
            71.25,
            49.87,
            20,
            28.07,
            65,
            93.5,
            165.355,
            95.01036790828184
        ],
        "OC": [
            72.5,
            52.031,
            19.966,
            18.202,
            75,
            94.98,
            165.355,
            96.22260445757928
        ],
        "BP": "both",
        "FREQ": 801.58
    }
}