{
    "_5": {
        "IC": [
            71.25,
            49.87,
            21,
            21,
            65,
            93.5,
            165.355,
            92.3372613970741
        ],
        "OC": [
            72.5,
            52.031,
            19.966,
            18.202,
            75,
            96.72,
            165.355,
            99.75708407684942
        ],
        "BP": "both",
        "FREQ": 801.58
    }
}