{
    "_25": {
        "IC": [
            71.25,
            41,
            20,
            21,
            65,
            93.5,
            165.355,
            93.24790836123819
        ],
        "OC": [
            72.5,
            52.031,
            19.966,
            18.202,
            75,
            99.69,
            165.355,
            104.87012749283899
        ],
        "BP": "both",
        "FREQ": 801.58
    }
}