{
    "_29": {
        "IC": [
            71.25,
            41,
            21,
            21,
            65,
            93.5,
            165.355,
            91.8325692546218
        ],
        "OC": [
            72.5,
            52.031,
            19.966,
            18.202,
            75,
            100.38,
            165.355,
            105.93068745538109
        ],
        "BP": "both",
        "FREQ": 801.58
    }
}