{
    "_11": {
        "IC": [
            71.25,
            44,
            20,
            24,
            65,
            93.5,
            165.355,
            93.76462427448725
        ],
        "OC": [
            72.5,
            52.031,
            19.966,
            18.202,
            75,
            97.83,
            165.355,
            101.7843358926847
        ],
        "BP": "both",
        "FREQ": 801.58
    }
}