{
    "_21": {
        "IC": [
            71.25,
            42,
            21,
            21,
            65,
            93.5,
            165.355,
            91.87884340495681
        ],
        "OC": [
            72.5,
            52.031,
            19.966,
            18.202,
            75,
            99.92,
            165.355,
            105.2282832113783
        ],
        "BP": "both",
        "FREQ": 801.58
    }
}