{
    "_12": {
        "IC": [
            71.25,
            44,
            21,
            28.07,
            65,
            93.5,
            165.355,
            92.41423583141166
        ],
        "OC": [
            72.5,
            52.031,
            19.966,
            18.202,
            75,
            97.83,
            165.355,
            101.7843358926847
        ],
        "BP": "both",
        "FREQ": 801.58
    }
}