{
    "_31": {
        "IC": [
            71.25,
            41,
            21,
            24,
            65,
            93.5,
            165.355,
            91.97576036554096
        ],
        "OC": [
            72.5,
            52.031,
            19.966,
            18.202,
            75,
            99.82,
            165.355,
            105.07314548888232
        ],
        "BP": "both",
        "FREQ": 801.58
    }
}