{
    "_7": {
        "IC": [
            71.25,
            49.87,
            21,
            24,
            65,
            93.5,
            165.355,
            92.56698172229935
        ],
        "OC": [
            72.5,
            52.031,
            19.966,
            18.202,
            75,
            96.21,
            165.355,
            98.7704653272285
        ],
        "BP": "both",
        "FREQ": 801.58
    }
}