{
    "_32": {
        "IC": [
            72,
            49.87,
            20,
            28.07,
            65,
            93.5,
            165.355,
            93.48071578167783
        ],
        "OC": [
            72.5,
            52.031,
            19.966,
            18.202,
            75,
            95.59,
            165.355,
            97.51804153455198
        ],
        "BP": "both",
        "FREQ": 801.58
    }
}