{
    "_27": {
        "IC": [
            71.25,
            41,
            20,
            24,
            65,
            93.5,
            165.355,
            93.48472329199228
        ],
        "OC": [
            72.5,
            52.031,
            19.966,
            18.202,
            75,
            99.14,
            165.355,
            103.99392090448887
        ],
        "BP": "both",
        "FREQ": 801.58
    }
}