{
    "_26": {
        "IC": [
            71.25,
            41,
            20,
            20,
            65,
            93.5,
            165.355,
            93.17486791956058
        ],
        "OC": [
            72.5,
            52.031,
            19.966,
            18.202,
            75,
            99.88,
            165.355,
            105.16633479127128
        ],
        "BP": "both",
        "FREQ": 801.58
    }
}