{
    "_2": {
        "IC": [
            71.25,
            49.87,
            20,
            20,
            65,
            93.5,
            165.355,
            93.97366327061684
        ],
        "OC": [
            72.5,
            52.031,
            19.966,
            18.202,
            75,
            96.23,
            165.355,
            98.8098698472336
        ],
        "BP": "both",
        "FREQ": 801.58
    }
}