{
    "_22": {
        "IC": [
            71.25,
            42,
            21,
            20,
            65,
            93.5,
            165.355,
            91.8331489936225
        ],
        "OC": [
            72.5,
            52.031,
            19.966,
            18.202,
            75,
            102.47,
            165.355,
            108.91108029490725
        ],
        "BP": "both",
        "FREQ": 804.27
    }
}