{
    "_16": {
        "IC": [
            71.25,
            42,
            20,
            28.07,
            65,
            93.5,
            165.355,
            93.96006617360582
        ],
        "OC": [
            72.5,
            52.031,
            19.966,
            18.202,
            75,
            98.03,
            165.355,
            102.13369112941496
        ],
        "BP": "both",
        "FREQ": 801.58
    }
}