{
    "_20": {
        "IC": [
            71.25,
            42,
            21,
            28.07,
            65,
            93.5,
            165.355,
            92.27105753280914
        ],
        "OC": [
            72.5,
            52.031,
            19.966,
            18.202,
            75,
            98.68,
            165.355,
            103.23858124992651
        ],
        "BP": "both",
        "FREQ": 801.58
    }
}