{
    "_33": {
        "IC": [
            72,
            49.87,
            20,
            21,
            65,
            93.5,
            165.355,
            92.78278211423145
        ],
        "OC": [
            72.5,
            52.031,
            19.966,
            18.202,
            75,
            96.69,
            165.355,
            99.70006912731306
        ],
        "BP": "both",
        "FREQ": 801.58
    }
}