{
    "_13": {
        "IC": [
            71.25,
            44,
            21,
            21,
            65,
            93.5,
            165.355,
            91.97837837037807
        ],
        "OC": [
            72.5,
            52.031,
            19.966,
            18.202,
            75,
            99.04,
            165.355,
            103.83150897805511
        ],
        "BP": "both",
        "FREQ": 801.58
    }
}