{
    "_0": {
        "IC": [
            120,
            100,
            45,
            40,
            150,
            187,
            300,
            118.43009626988447
        ],
        "OC": [
            120,
            100,
            45,
            40,
            150,
            187,
            300,
            118.43009626988447
        ],
        "BP": "none",
        "FREQ": 471.23
    },
    "_1": {
        "IC": [
            120,
            111,
            45,
            40,
            150,
            187,
            311,
            116.90382823728243
        ],
        "OC": [
            120,
            111,
            45,
            40,
            150,
            187,
            311,
            116.90382823728243
        ],
        "BP": "none",
        "FREQ": 455.43
    },
    "_2": {
        "IC": [
            120,
            112,
            45,
            40,
            150,
            187,
            312,
            116.77085097120857
        ],
        "OC": [
            120,
            112,
            45,
            40,
            150,
            187,
            312,
            116.77085097120857
        ],
        "BP": "none",
        "FREQ": 454.04
    },
    "_3": {
        "IC": [
            121,
            100,
            45,
            40,
            150,
            187,
            300,
            117.82868024415876
        ],
        "OC": [
            121,
            100,
            45,
            40,
            150,
            187,
            300,
            117.82868024415876
        ],
        "BP": "none",
        "FREQ": 470.63
    }
}