{
    "_34": {
        "IC": [
            72,
            49.87,
            20,
            20,
            65,
            93.5,
            165.355,
            92.7030042986476
        ],
        "OC": [
            72.5,
            52.031,
            19.966,
            18.202,
            75,
            96.86,
            165.355,
            100.02152584264417
        ],
        "BP": "both",
        "FREQ": 801.58
    }
}