{
    "_4": {
        "IC": [
            71.25,
            49.87,
            21,
            28.07,
            65,
            93.5,
            165.355,
            92.94737551845499
        ],
        "OC": [
            72.5,
            52.031,
            19.966,
            18.202,
            75,
            95.6,
            165.355,
            97.53873539903064
        ],
        "BP": "both",
        "FREQ": 801.58
    }
}