{
    "_19": {
        "IC": [
            71.25,
            42,
            20,
            24,
            65,
            93.5,
            165.355,
            93.57376426274479
        ],
        "OC": [
            72.5,
            52.031,
            19.966,
            18.202,
            75,
            98.69,
            165.355,
            103.2552291316576
        ],
        "BP": "both",
        "FREQ": 801.58
    }
}