{
    "_35": {
        "IC": [
            72,
            49.87,
            20,
            24,
            65,
            93.5,
            165.355,
            93.04798174179658
        ],
        "OC": [
            72.5,
            52.031,
            19.966,
            18.202,
            75,
            96.19,
            165.355,
            98.73100081226382
        ],
        "BP": "both",
        "FREQ": 801.58
    }
}