{
    "_3": {
        "IC": [
            71.25,
            49.87,
            20,
            24,
            65,
            93.5,
            165.355,
            94.44309509881863
        ],
        "OC": [
            72.5,
            52.031,
            19.966,
            18.202,
            75,
            95.57,
            165.355,
            97.47660329539512
        ],
        "BP": "both",
        "FREQ": 801.58
    }
}