{
    "_24": {
        "IC": [
            71.25,
            41,
            20,
            28.07,
            65,
            93.5,
            165.355,
            93.85355583237994
        ],
        "OC": [
            72.5,
            52.031,
            19.966,
            18.202,
            75,
            98.48,
            165.355,
            102.90343871615461
        ],
        "BP": "both",
        "FREQ": 801.58
    }
}