{
    "_1": {
        "IC": [
            71.25,
            49.87,
            20,
            21,
            65,
            93.5,
            165.355,
            94.0835237922649
        ],
        "OC": [
            72.5,
            52.031,
            19.966,
            18.202,
            75,
            96.06,
            165.355,
            98.47300308790756
        ],
        "BP": "both",
        "FREQ": 801.58
    }
}