{
    "_6": {
        "IC": [
            71.25,
            49.87,
            21,
            20,
            65,
            93.5,
            165.355,
            92.26860656126475
        ],
        "OC": [
            72.5,
            52.031,
            19.966,
            18.202,
            75,
            96.89,
            165.355,
            100.07784684866931
        ],
        "BP": "both",
        "FREQ": 801.58
    }
}