{
    "_10": {
        "IC": [
            71.25,
            44,
            20,
            20,
            65,
            93.5,
            165.355,
            93.4100774828962
        ],
        "OC": [
            72.5,
            52.031,
            19.966,
            18.202,
            75,
            98.54,
            165.355,
            103.00442137227598
        ],
        "BP": "both",
        "FREQ": 801.58
    }
}