{
    "_30": {
        "IC": [
            71.25,
            41,
            21,
            20,
            65,
            93.5,
            165.355,
            91.7889801698129
        ],
        "OC": [
            72.5,
            52.031,
            19.966,
            18.202,
            75,
            100.58,
            165.355,
            106.23049194529118
        ],
        "BP": "both",
        "FREQ": 801.58
    }
}