{
    "_18": {
        "IC": [
            71.25,
            42,
            20,
            20,
            65,
            93.5,
            165.355,
            93.24989233982927
        ],
        "OC": [
            72.5,
            52.031,
            19.966,
            18.202,
            75,
            99.42,
            165.355,
            104.44354064526206
        ],
        "BP": "both",
        "FREQ": 801.58
    }
}