{
    "_8": {
        "IC": [
            71.25,
            44,
            20,
            28.07,
            65,
            93.5,
            165.355,
            94.18917736671379
        ],
        "OC": [
            72.5,
            52.031,
            19.966,
            18.202,
            75,
            97.19,
            165.355,
            100.6345242917077
        ],
        "BP": "both",
        "FREQ": 801.58
    }
}