{
    "_28": {
        "IC": [
            71.25,
            41,
            21,
            28.07,
            65,
            93.5,
            165.355,
            92.20523316229419
        ],
        "OC": [
            72.5,
            52.031,
            19.966,
            18.202,
            75,
            99.13,
            165.355,
            103.97772366482829
        ],
        "BP": "both",
        "FREQ": 801.58
    }
}