{
    "_4": {
        "IC": [
            121,
            111,
            45,
            40,
            150,
            187,
            311,
            116.33275295997308
        ],
        "OC": [
            121,
            111,
            45,
            40,
            150,
            187,
            311,
            116.33275295997308
        ],
        "BP": "none",
        "FREQ": 454.82
    },
    "_5": {
        "IC": [
            121,
            112,
            45,
            40,
            150,
            187,
            312,
            116.2024256908071
        ],
        "OC": [
            121,
            112,
            45,
            40,
            150,
            187,
            312,
            116.2024256908071
        ],
        "BP": "none",
        "FREQ": 453.43
    },
    "_6": {
        "IC": [
            122,
            100,
            45,
            40,
            150,
            187,
            300,
            117.20314875701845
        ],
        "OC": [
            122,
            100,
            45,
            40,
            150,
            187,
            300,
            117.20314875701845
        ],
        "BP": "none",
        "FREQ": 470.04
    },
    "_7": {
        "IC": [
            122,
            111,
            45,
            40,
            150,
            187,
            311,
            115.73925826805505
        ],
        "OC": [
            122,
            111,
            45,
            40,
            150,
            187,
            311,
            115.73925826805505
        ],
        "BP": "none",
        "FREQ": 454.22
    }
}