{
    "_22": {
        "IC": [
            71.25,
            42,
            21,
            20,
            65,
            93.5,
            165.355,
            91.8331489936225
        ],
        "OC": [
            72.5,
            52.031,
            19.966,
            18.202,
            75,
            100.12,
            165.355,
            105.53591679962379
        ],
        "BP": "both",
        "FREQ": 801.58
    }
}