{
    "_9": {
        "IC": [
            71.25,
            44,
            20,
            21,
            65,
            93.5,
            165.355,
            93.49343704894564
        ],
        "OC": [
            72.5,
            52.031,
            19.966,
            18.202,
            75,
            98.36,
            165.355,
            102.70032593272678
        ],
        "BP": "both",
        "FREQ": 801.58
    }
}