{
    "_17": {
        "IC": [
            71.25,
            42,
            20,
            21,
            65,
            93.5,
            165.355,
            93.32617085931197
        ],
        "OC": [
            72.5,
            52.031,
            19.966,
            18.202,
            75,
            99.23,
            165.355,
            104.13926003501248
        ],
        "BP": "both",
        "FREQ": 801.58
    }
}