{
    "_35": {
        "IC": [
            72,
            49.87,
            20,
            24,
            65,
            93.5,
            165.355,
            93.04798174179658
        ],
        "OC": [
            72.5,
            52.031,
            19.966,
            18.202,
            75,
            96.19,
            165.355,
            98.73100081226382
        ],
        "BP": "both",
        "FREQ": 801.58
    },
    "_36": {
        "IC": [
            72,
            49.87,
            21,
            28.07,
            65,
            93.5,
            165.355,
            91.23507317736424
        ],
        "OC": [
            72.5,
            52.031,
            19.966,
            18.202,
            75,
            96.22,
            165.355,
            98.79017511038512
        ],
        "BP": "both",
        "FREQ": 801.58
    },
    "_37": {
        "IC": [
            72,
            49.87,
            21,
            21,
            65,
            93.5,
            165.355,
            90.95647903663519
        ],
        "OC": [
            72.5,
            52.031,
            19.966,
            18.202,
            75,
            97.35,
            165.355,
            100.92668552644956
        ],
        "BP": "both",
        "FREQ": 801.58
    },
    "_38": {
        "IC": [
            72,
            49.87,
            21,
            20,
            65,
            93.5,
            165.355,
            90.92648673877873
        ],
        "OC": [
            72.5,
            52.031,
            19.966,
            18.202,
            75,
            97.53,
            165.355,
            101.25155876078058
        ],
        "BP": "both",
        "FREQ": 801.58
    },
    "_39": {
        "IC": [
            72,
            49.87,
            21,
            24,
            65,
            93.5,
            165.355,
            91.05865612377059
        ],
        "OC": [
            72.5,
            52.031,
            19.966,
            18.202,
            75,
            96.84,
            165.355,
            99.9839112805396
        ],
        "BP": "both",
        "FREQ": 801.58
    },
    "_40": {
        "IC": [
            72,
            44,
            20,
            28.07,
            65,
            93.5,
            165.355,
            92.86776273264294
        ],
        "OC": [
            72.5,
            52.031,
            19.966,
            18.202,
            75,
            97.86,
            165.355,
            101.83703176555949
        ],
        "BP": "both",
        "FREQ": 801.58
    },
    "_41": {
        "IC": [
            72,
            44,
            20,
            21,
            65,
            93.5,
            165.355,
            92.36208479085387
        ],
        "OC": [
            72.5,
            52.031,
            19.966,
            18.202,
            75,
            99.04,
            165.355,
            103.83150897805511
        ],
        "BP": "both",
        "FREQ": 801.58
    },
    "_42": {
        "IC": [
            72,
            44,
            20,
            20,
            65,
            93.5,
            165.355,
            92.30302560924045
        ],
        "OC": [
            72.5,
            52.031,
            19.966,
            18.202,
            75,
            99.23,
            165.355,
            104.13926003501248
        ],
        "BP": "both",
        "FREQ": 801.58
    },
    "_43": {
        "IC": [
            72,
            44,
            20,
            24,
            65,
            93.5,
            165.355,
            92.55633448394963
        ],
        "OC": [
            72.5,
            52.031,
            19.966,
            18.202,
            75,
            98.51,
            165.355,
            102.95397753377149
        ],
        "BP": "both",
        "FREQ": 801.58
    },
    "_44": {
        "IC": [
            72,
            44,
            21,
            28.07,
            65,
            93.5,
            165.355,
            90.99312842448896
        ],
        "OC": [
            72.5,
            52.031,
            19.966,
            18.202,
            75,
            98.51,
            165.355,
            102.95397753377149
        ],
        "BP": "both",
        "FREQ": 801.58
    },
    "_45": {
        "IC": [
            72,
            44,
            21,
            21,
            65,
            93.5,
            165.355,
            90.80262443867704
        ],
        "OC": [
            72.5,
            52.031,
            19.966,
            18.202,
            75,
            99.73,
            165.355,
            104.93275697948737
        ],
        "BP": "both",
        "FREQ": 801.58
    },
    "_46": {
        "IC": [
            72,
            44,
            21,
            20,
            65,
            93.5,
            165.355,
            90.78122538259738
        ],
        "OC": [
            72.5,
            52.031,
            19.966,
            18.202,
            75,
            99.93,
            165.355,
            105.24374818975227
        ],
        "BP": "both",
        "FREQ": 801.58
    },
    "_47": {
        "IC": [
            72,
            44,
            21,
            24,
            65,
            93.5,
            165.355,
            90.8741597859433
        ],
        "OC": [
            72.5,
            52.031,
            19.966,
            18.202,
            75,
            99.18,
            165.355,
            104.05861276507044
        ],
        "BP": "both",
        "FREQ": 801.58
    },
    "_48": {
        "IC": [
            72,
            42,
            20,
            28.07,
            65,
            93.5,
            165.355,
            92.7013694672634
        ],
        "OC": [
            72.5,
            52.031,
            19.966,
            18.202,
            75,
            98.72,
            165.355,
            103.30511101077575
        ],
        "BP": "both",
        "FREQ": 801.58
    },
    "_49": {
        "IC": [
            72,
            42,
            20,
            21,
            65,
            93.5,
            165.355,
            92.24474054200188
        ],
        "OC": [
            72.5,
            52.031,
            19.966,
            18.202,
            75,
            99.94,
            165.355,
            105.25920433830645
        ],
        "BP": "both",
        "FREQ": 801.58
    },
    "_50": {
        "IC": [
            72,
            42,
            20,
            20,
            65,
            93.5,
            165.355,
            92.19103229265735
        ],
        "OC": [
            72.5,
            52.031,
            19.966,
            18.202,
            75,
            100.13,
            165.355,
            105.5512071284107
        ],
        "BP": "both",
        "FREQ": 801.58
    },
    "_51": {
        "IC": [
            72,
            42,
            20,
            24,
            65,
            93.5,
            165.355,
            92.4207908063426
        ],
        "OC": [
            72.5,
            52.031,
            19.966,
            18.202,
            75,
            99.39,
            165.355,
            104.39572371867524
        ],
        "BP": "both",
        "FREQ": 801.58
    },
    "_52": {
        "IC": [
            72,
            42,
            21,
            28.07,
            65,
            93.5,
            165.355,
            90.93039017859455
        ],
        "OC": [
            72.5,
            52.031,
            19.966,
            18.202,
            75,
            99.38,
            165.355,
            104.37976591194297
        ],
        "BP": "both",
        "FREQ": 801.58
    },