{
    "_23": {
        "IC": [
            71.25,
            42,
            21,
            24,
            65,
            93.5,
            165.355,
            92.02923025120015
        ],
        "OC": [
            72.5,
            52.031,
            19.966,
            18.202,
            75,
            99.36,
            165.355,
            104.34782198187631
        ],
        "BP": "both",
        "FREQ": 801.58
    }
}