{
    "_15": {
        "IC": [
            71.25,
            44,
            21,
            24,
            65,
            93.5,
            165.355,
            92.14477110967793
        ],
        "OC": [
            72.5,
            52.031,
            19.966,
            18.202,
            75,
            98.49,
            165.355,
            102.92029556557816
        ],
        "BP": "both",
        "FREQ": 801.58
    }
}