{
    "tv": [
        92.46600000000001,
        102.46600000000001,
        97.46600000000001,
        92.46600000000001,
        95.15621447000649,
        94.99164005732015,
        94.9791527616772,
        94.97873184159937,
        94.97879197303911
    ],
    "freq": [
        798.415,
        810.656,
        805.0177,
        797.5761,
        801.8409,
        801.5984,
        801.5806,
        801.5799,
        801.5797
    ]
}