{
    "IC": [
        0.042,
        0.042,
        0.012,
        0.019,
        0.035,
        0.0577,
        0.1033,
        103.30879015153745
    ],
    "OC": [
        0.042,
        0.042,
        0.012,
        0.019,
        0.035,
        0.0577,
        0.1033,
        103.30879015153745
    ],
    "OC_R": [
        0.042,
        0.042,
        0.012,
        0.019,
        0.035,
        0.0577,
        0.1033,
        103.30879015153745
    ]
}