{
    "Req [mm]": 103.3,
    "Normalization Length [mm]": 57.7,
    "freq [MHz]": 1288.2608549689035,
    "Q []": 29213.620403697296,
    "E [MV/m]": 3.949776749344408e-06,
    "Vacc [MV]": 1938.2043994331482,
    "Eacc [MV/m]": 16795.53205747962,
    "Epk [MV/m]": 0.02888472495133672,
    "Hpk [A/m]": 54.6208746368784,
    "Bpk [mT]": 0.0686386153967465,
    "kcc [%]": 0.0,
    "ff [%]": 100.0,
    "Rsh [Ohm]": 3432640.356024917,
    "R/Q [Ohm]": 117.50136780686313,
    "Epk/Eacc []": 1.719786241512568,
    "Bpk/Eacc [mT/MV/m]": 4.086718727447482,
    "G [Ohm]": 269.86342352741593,
    "GR/Q [Ohm^2]": 63418.64277102836
}