{
    "S_0": {
        "V[E[S_0|lh_1]]": 0.411061119108835,
        "V[E[S_0|lh_3]]": 0.4457558108864482,
        "V[E[S_0|lh_4]]": 0.5094456266568693,
        "V[E[S_0|dh_3]]": 0.3804449261655025,
        "V[E[S_0|alpha_h]]": 0.5552524925837309,
        "V[E[S_0|ch_2]]": 0.6037570094762646,
        "V[E[S_0|r_{cyl}]]": 0.47390071672624245,
        "V[E[S_0|offset_y]]": 0.4124924862197259
    },
    "f_0": {
        "V[E[f_0|lh_1]]": 0.49171564787512445,
        "V[E[f_0|lh_3]]": 0.5083975509719888,
        "V[E[f_0|lh_4]]": 0.4518332728979162,
        "V[E[f_0|dh_3]]": 0.46972031619752874,
        "V[E[f_0|alpha_h]]": 0.5629507929260205,
        "V[E[f_0|ch_2]]": 0.5184262082002664,
        "V[E[f_0|r_{cyl}]]": 0.4766288211205515,
        "V[E[f_0|offset_y]]": 0.5773622756654343
    },
    "BW": {
        "V[E[BW|lh_1]]": 0.5306078510327072,
        "V[E[BW|lh_3]]": 0.38699151265624976,
        "V[E[BW|lh_4]]": 0.4640598927535894,
        "V[E[BW|dh_3]]": 0.5044660059971844,
        "V[E[BW|alpha_h]]": 0.4739187535215299,
        "V[E[BW|ch_2]]": 0.589854331703147,
        "V[E[BW|r_{cyl}]]": 0.4125628880037605,
        "V[E[BW|offset_y]]": 0.45357240939802757
    }
}