{
    "S_0": {
        "V[E[S_0|lh_1]]": 0.29436925156960436,
        "V[E[S_0|lh_3]]": 0.31196424418467095,
        "V[E[S_0|lh_4]]": 0.3512665812137985,
        "V[E[S_0|dh_3]]": 0.26677481851972606,
        "V[E[S_0|alpha_h]]": 0.4536475664940768,
        "V[E[S_0|ch_2]]": 0.46901980107040564,
        "V[E[S_0|r_{cyl}]]": 0.372050834071346,
        "V[E[S_0|offset_y]]": 0.3127200670772722
    },
    "f_0": {
        "V[E[f_0|lh_1]]": 0.36606534481589137,
        "V[E[f_0|lh_3]]": 0.353430855121184,
        "V[E[f_0|lh_4]]": 0.3058631091678964,
        "V[E[f_0|dh_3]]": 0.3166028146178088,
        "V[E[f_0|alpha_h]]": 0.410291065830384,
        "V[E[f_0|ch_2]]": 0.43395463396527056,
        "V[E[f_0|r_{cyl}]]": 0.35263494767270875,
        "V[E[f_0|offset_y]]": 0.3583613182293858
    },
    "BW": {
        "V[E[BW|lh_1]]": 0.3540759592592805,
        "V[E[BW|lh_3]]": 0.26897798377670756,
        "V[E[BW|lh_4]]": 0.3774746486014101,
        "V[E[BW|dh_3]]": 0.37820774230921705,
        "V[E[BW|alpha_h]]": 0.326947047121776,
        "V[E[BW|ch_2]]": 0.40195761465366686,
        "V[E[BW|r_{cyl}]]": 0.3287669922745713,
        "V[E[BW|offset_y]]": 0.3343957810843823
    }
}