{
    "S_0": {
        "V[E[S_0|shaft_y]]": 0.0366772845633595,
        "V[E[S_0|bend_out_sec_prob_length]]": 0.009026070065711433,
        "V[E[S_0|bend_out_cap_gap]]": 0.04411984008734671,
        "V[E[S_0|Window_margin]]": 0.0011733887895425399,
        "V[E[S_0|Shift_from_center]]": 0.6427118843445168,
        "V[E[S_0|Cap_y]]": 0.00023061063752205513,
        "V[E[S_0|Cap_thickness]]": 0.0009991569331722072,
        "V[E[S_0|Cap_Height]]": 0.07464128055681951,
        "V[E[S_0|Cap_Gap]]": 0.05775680100245861,
        "V[E[S_0|Bend_out_chamber_Length]]": 0.07957741356965675,
        "V[E[S_0|BP_HOM_Penetration]]": 0.05308626944989092
    },
    "f_0": {
        "V[E[f_0|shaft_y]]": 6.470478184705808e-05,
        "V[E[f_0|bend_out_sec_prob_length]]": 0.0008698959954962504,
        "V[E[f_0|bend_out_cap_gap]]": 0.00039849027032268225,
        "V[E[f_0|Window_margin]]": 0.0005586144406594107,
        "V[E[f_0|Shift_from_center]]": 0.7707314180808714,
        "V[E[f_0|Cap_y]]": 0.03912725301664577,
        "V[E[f_0|Cap_thickness]]": 1.6434774038232014e-05,
        "V[E[f_0|Cap_Height]]": 0.13174223721277067,
        "V[E[f_0|Cap_Gap]]": 0.03091919290937173,
        "V[E[f_0|Bend_out_chamber_Length]]": 0.023210476359735943,
        "V[E[f_0|BP_HOM_Penetration]]": 0.0023612821582414956
    },
    "BW": {
        "V[E[BW|shaft_y]]": 0.06338343677391711,
        "V[E[BW|bend_out_sec_prob_length]]": 0.11306675390198806,
        "V[E[BW|bend_out_cap_gap]]": 0.5138402195369655,
        "V[E[BW|Window_margin]]": 0.0027831357400519563,
        "V[E[BW|Shift_from_center]]": 0.024814370470182423,
        "V[E[BW|Cap_y]]": 0.025078997738806508,
        "V[E[BW|Cap_thickness]]": 0.00020042968457045784,
        "V[E[BW|Cap_Height]]": 0.0008240498253921924,
        "V[E[BW|Cap_Gap]]": 0.07757995503296589,
        "V[E[BW|Bend_out_chamber_Length]]": 0.17756295457052684,
        "V[E[BW|BP_HOM_Penetration]]": 0.0008656967246331027
    }
}