{
    "S_0": {
        "V[E[S_0|lh_1]]": 0.3174922105032084,
        "V[E[S_0|lh_3]]": 0.34185811049863524,
        "V[E[S_0|lh_4]]": 0.4317184598767466,
        "V[E[S_0|dh_3]]": 0.31745407762774935,
        "V[E[S_0|alpha_h]]": 0.48394062087262557,
        "V[E[S_0|ch_2]]": 0.5671138481929048,
        "V[E[S_0|r_{cyl}]]": 0.45213410294895695,
        "V[E[S_0|offset_y]]": 0.33422668066416494
    },
    "f_0": {
        "V[E[f_0|lh_1]]": 0.4449090157137907,
        "V[E[f_0|lh_3]]": 0.4216732289068196,
        "V[E[f_0|lh_4]]": 0.40214872629991794,
        "V[E[f_0|dh_3]]": 0.3699109106163557,
        "V[E[f_0|alpha_h]]": 0.5080772827447371,
        "V[E[f_0|ch_2]]": 0.4833794464104447,
        "V[E[f_0|r_{cyl}]]": 0.5049356856495569,
        "V[E[f_0|offset_y]]": 0.48334863033263686
    },
    "BW": {
        "V[E[BW|lh_1]]": 0.43062832692730413,
        "V[E[BW|lh_3]]": 0.27620801442054366,
        "V[E[BW|lh_4]]": 0.43491957381500357,
        "V[E[BW|dh_3]]": 0.39405370834674713,
        "V[E[BW|alpha_h]]": 0.38536076261152874,
        "V[E[BW|ch_2]]": 0.5069691879303,
        "V[E[BW|r_{cyl}]]": 0.354726003254484,
        "V[E[BW|offset_y]]": 0.38523098740392747
    }
}