{
    "S_0": {
        "V[E[S_0|lh_1]]": 0.009641363982452189,
        "V[E[S_0|lh_3]]": 0.14560360456804455,
        "V[E[S_0|lh_4]]": 0.12576217186768313,
        "V[E[S_0|dh_3]]": 0.058642694873423884,
        "V[E[S_0|alpha_h]]": 0.04504749802141883,
        "V[E[S_0|ch_2]]": 0.3341918832440264,
        "V[E[S_0|r_{cyl}]]": 0.2228006280312086,
        "V[E[S_0|offset_y]]": 0.05831015541161244
    },
    "f_0": {
        "V[E[f_0|lh_1]]": 0.27341146486823076,
        "V[E[f_0|lh_3]]": 0.1702550637209732,
        "V[E[f_0|lh_4]]": 0.023064862051980217,
        "V[E[f_0|dh_3]]": 0.004999421777007518,
        "V[E[f_0|alpha_h]]": 0.3842668618856546,
        "V[E[f_0|ch_2]]": 5.212985398683756e-05,
        "V[E[f_0|r_{cyl}]]": 0.04174030356175429,
        "V[E[f_0|offset_y]]": 0.10220989228055533
    },
    "BW": {
        "V[E[BW|lh_1]]": 0.14425057620594806,
        "V[E[BW|lh_3]]": 0.008622424719896382,
        "V[E[BW|lh_4]]": 0.0051673934162896895,
        "V[E[BW|dh_3]]": 0.02232694282708103,
        "V[E[BW|alpha_h]]": 0.13729631889850968,
        "V[E[BW|ch_2]]": 0.32808512713204097,
        "V[E[BW|r_{cyl}]]": 0.3395957625719357,
        "V[E[BW|offset_y]]": 0.014655454228157394
    }
}