{
    "S_0": {
        "V[E[S_0|lh_1]]": 0.214423817057932,
        "V[E[S_0|lh_3]]": 0.19970714550774604,
        "V[E[S_0|lh_4]]": 0.34356547352068845,
        "V[E[S_0|dh_3]]": 0.17440048874714065,
        "V[E[S_0|alpha_h]]": 0.29674416340032483,
        "V[E[S_0|ch_2]]": 0.4809383038385536,
        "V[E[S_0|r_{cyl}]]": 0.25980304649155406,
        "V[E[S_0|offset_y]]": 0.1537743553987171
    },
    "f_0": {
        "V[E[f_0|lh_1]]": 0.290220508856154,
        "V[E[f_0|lh_3]]": 0.29926292347221894,
        "V[E[f_0|lh_4]]": 0.3303236141055871,
        "V[E[f_0|dh_3]]": 0.2108082393428039,
        "V[E[f_0|alpha_h]]": 0.2997632410356381,
        "V[E[f_0|ch_2]]": 0.3386420818190945,
        "V[E[f_0|r_{cyl}]]": 0.24471156877765265,
        "V[E[f_0|offset_y]]": 0.28113736813404655
    },
    "BW": {
        "V[E[BW|lh_1]]": 0.26563688652917616,
        "V[E[BW|lh_3]]": 0.17774545557830235,
        "V[E[BW|lh_4]]": 0.3585135433715281,
        "V[E[BW|dh_3]]": 0.2176502265166823,
        "V[E[BW|alpha_h]]": 0.16671858140623452,
        "V[E[BW|ch_2]]": 0.4274012192873524,
        "V[E[BW|r_{cyl}]]": 0.2073914124368328,
        "V[E[BW|offset_y]]": 0.23712541307878587
    }
}