{
    "S_0": {
        "V[E[S_0|lh_1]]": 0.27594030770914,
        "V[E[S_0|lh_3]]": 0.2147812824300962,
        "V[E[S_0|lh_4]]": 0.41479643849060976,
        "V[E[S_0|dh_3]]": 0.21896458356984316,
        "V[E[S_0|alpha_h]]": 0.21971610033418854,
        "V[E[S_0|ch_2]]": 0.5548611798194127,
        "V[E[S_0|r_{cyl}]]": 0.2510717590044831,
        "V[E[S_0|offset_y]]": 0.14731127736144056
    },
    "f_0": {
        "V[E[f_0|lh_1]]": 0.4362369816063578,
        "V[E[f_0|lh_3]]": 0.28939868608835273,
        "V[E[f_0|lh_4]]": 0.42368523394245716,
        "V[E[f_0|dh_3]]": 0.2724688787046343,
        "V[E[f_0|alpha_h]]": 0.30982999740734174,
        "V[E[f_0|ch_2]]": 0.34844014770948895,
        "V[E[f_0|r_{cyl}]]": 0.349124543064373,
        "V[E[f_0|offset_y]]": 0.3236657649344661
    },
    "BW": {
        "V[E[BW|lh_1]]": 0.3132491844338706,
        "V[E[BW|lh_3]]": 0.1463278192758396,
        "V[E[BW|lh_4]]": 0.3897470133793359,
        "V[E[BW|dh_3]]": 0.21200486253262152,
        "V[E[BW|alpha_h]]": 0.21403779379904586,
        "V[E[BW|ch_2]]": 0.4567616004449414,
        "V[E[BW|r_{cyl}]]": 0.2993823444974787,
        "V[E[BW|offset_y]]": 0.23389681031222864
    }
}