{
    "S_0": {
        "V[E[S_0|lh_1]]": 0.3800739578608171,
        "V[E[S_0|lh_3]]": 0.3841667263528178,
        "V[E[S_0|lh_4]]": 0.4348276110985875,
        "V[E[S_0|dh_3]]": 0.31409637241406807,
        "V[E[S_0|alpha_h]]": 0.47653844426504366,
        "V[E[S_0|ch_2]]": 0.46690036454038053,
        "V[E[S_0|r_{cyl}]]": 0.3752443636817726,
        "V[E[S_0|offset_y]]": 0.4041054113178948
    },
    "f_0": {
        "V[E[f_0|lh_1]]": 0.37667077207030963,
        "V[E[f_0|lh_3]]": 0.43179344145896104,
        "V[E[f_0|lh_4]]": 0.4195790291843575,
        "V[E[f_0|dh_3]]": 0.36236987421033706,
        "V[E[f_0|alpha_h]]": 0.4301926487855994,
        "V[E[f_0|ch_2]]": 0.43485925146922777,
        "V[E[f_0|r_{cyl}]]": 0.3712921294509872,
        "V[E[f_0|offset_y]]": 0.39722868095655517
    },
    "BW": {
        "V[E[BW|lh_1]]": 0.376078679968737,
        "V[E[BW|lh_3]]": 0.3651413456805206,
        "V[E[BW|lh_4]]": 0.4131093768607925,
        "V[E[BW|dh_3]]": 0.45018288153299724,
        "V[E[BW|alpha_h]]": 0.38913172283630704,
        "V[E[BW|ch_2]]": 0.41930967907394845,
        "V[E[BW|r_{cyl}]]": 0.4183686985531815,
        "V[E[BW|offset_y]]": 0.35379270531478
    }
}